<?xml version="1.0" encoding="utf-8" ?>
<dwsync>
<file name="sweet-1.js" server="C:/wamp/www/GeoCoinMine/" local="131460929613108004" remote="131460929610000000" Dst="-1" />
<file name="sweetalert.min.js" server="C:/wamp/www/GeoCoinMine/" local="131398231260000000" remote="131398231260000000" Dst="-1" />
<file name="sweetalert.js" server="C:/wamp/www/GeoCoinMine/" local="131398231260000000" remote="131398231260000000" Dst="-1" />
<file name="sweetalert.css" server="C:/wamp/www/GeoCoinMine/" local="131398231260000000" remote="131398231260000000" Dst="-1" />
<file name="sweetalert.css" server="C:/wamp/www/RES/" local="131398231260000000" remote="131398231260000000" Dst="-1" />
<file name="sweetalert.min.js" server="C:/wamp/www/RES/" local="131398231260000000" remote="131398231260000000" Dst="-1" />
<file name="sweetalert.js" server="C:/wamp/www/RES/" local="131398231260000000" remote="131398231260000000" Dst="-1" />
<file name="sweetalert.min.js" server="C:/wamp/www/BTCvedan/" local="131398231260000000" remote="131398231260000000" Dst="0" />
<file name="sweetalert.js" server="C:/wamp/www/BTCvedan/" local="131398231260000000" remote="131398231260000000" Dst="0" />
<file name="sweetalert.css" server="C:/wamp/www/BTCvedan/" local="131398231260000000" remote="131398231260000000" Dst="0" />
<file name="sweetalert.css" server="C:/wamp/www/ACADmovi/" local="131398231260000000" remote="131398231260000000" Dst="0" />
<file name="sweetalert.min.js" server="C:/wamp/www/ACADmovi/" local="131398231260000000" remote="131398231260000000" Dst="0" />
<file name="sweetalert.js" server="C:/wamp/www/ACADmovi/" local="131398231260000000" remote="131398231260000000" Dst="0" />
<file name="sweetalert.css" server="C:/wamp/www/AlMON-PACK/" local="131398231260000000" remote="131398231260000000" Dst="0" />
<file name="sweetalert.min.js" server="C:/wamp/www/AlMON-PACK/" local="131398231260000000" remote="131398231260000000" Dst="0" />
<file name="sweetalert.js" server="C:/wamp/www/AlMON-PACK/" local="131398231260000000" remote="131398231260000000" Dst="0" />
<file name="sweetalert.css" server="C:/wamp/www/AFPET_PACK/" local="131398231260000000" remote="131398231260000000" Dst="0" />
<file name="sweetalert.min.js" server="C:/wamp/www/AFPET_PACK/" local="131398231260000000" remote="131398231260000000" Dst="0" />
<file name="sweetalert.js" server="C:/wamp/www/AFPET_PACK/" local="131398231260000000" remote="131398231260000000" Dst="0" />
<file name="sweetalert.css" server="C:/wamp/www/MUZI-PACK/" local="131398411260000000" remote="131398411260000000" Dst="0" />
<file name="sweetalert.min.js" server="C:/wamp/www/MUZI-PACK/" local="131398411260000000" remote="131398411260000000" Dst="0" />
<file name="sweetalert.js" server="C:/wamp/www/MUZI-PACK/" local="131398411260000000" remote="131398411260000000" Dst="0" />
<file name="sweetalert.css" server="C:/wamp/www/BEN-DAV/" local="131398411260000000" remote="131398411260000000" Dst="0" />
<file name="sweetalert.min.js" server="C:/wamp/www/BEN-DAV/" local="131398411260000000" remote="131398411260000000" Dst="0" />
</dwsync>